[{"model": "accaunts.level", "pk": 1, "fields": {"level": 1, "experience_range": "{\"bounds\": \"[)\", \"lower\": \"200\", \"upper\": \"600\"}", "img_name": "amber_case", "case": 1, "amount": 1}}, {"model": "accaunts.level", "pk": 2, "fields": {"level": 2, "experience_range": "{\"bounds\": \"[)\", \"lower\": \"600\", \"upper\": \"2100\"}", "img_name": "amber_case", "case": 1, "amount": 2}}, {"model": "accaunts.level", "pk": 3, "fields": {"level": 3, "experience_range": "{\"bounds\": \"[)\", \"lower\": \"2100\", \"upper\": \"5050\"}", "img_name": "amber_case", "case": 1, "amount": 3}}, {"model": "accaunts.level", "pk": 4, "fields": {"level": 4, "experience_range": "{\"bounds\": \"[)\", \"lower\": \"5050\", \"upper\": \"10000\"}", "img_name": "amber_case", "case": 1, "amount": 4}}, {"model": "accaunts.level", "pk": 5, "fields": {"level": 5, "experience_range": "{\"bounds\": \"[)\", \"lower\": \"10000\", \"upper\": \"16000\"}", "img_name": "pearl_case", "case": 2, "amount": 1}}, {"model": "accaunts.level", "pk": 6, "fields": {"level": 6, "experience_range": "{\"bounds\": \"[)\", \"lower\": \"16000\", \"upper\": \"24000\"}", "img_name": "pearl_case", "case": 2, "amount": 1}}, {"model": "accaunts.level", "pk": 7, "fields": {"level": 7, "experience_range": "{\"bounds\": \"[)\", \"lower\": \"24000\", \"upper\": \"34000\"}", "img_name": "pearl_case", "case": 2, "amount": 2}}, {"model": "accaunts.level", "pk": 8, "fields": {"level": 8, "experience_range": "{\"bounds\": \"[)\", \"lower\": \"34000\", \"upper\": \"46000\"}", "img_name": "pearl_case", "case": 2, "amount": 3}}, {"model": "accaunts.level", "pk": 9, "fields": {"level": 9, "experience_range": "{\"bounds\": \"[)\", \"lower\": \"46000\", \"upper\": \"60000\"}", "img_name": "pearl_case", "case": 2, "amount": 4}}, {"model": "accaunts.level", "pk": 10, "fields": {"level": 10, "experience_range": "{\"bounds\": \"[)\", \"lower\": \"60000\", \"upper\": \"78000\"}", "img_name": "rubin_purple", "case": 3, "amount": 1}}, {"model": "accaunts.level", "pk": 11, "fields": {"level": 11, "experience_range": "{\"bounds\": \"[)\", \"lower\": \"78000\", \"upper\": \"102000\"}", "img_name": "rubin_purple", "case": 3, "amount": 1}}, {"model": "accaunts.level", "pk": 12, "fields": {"level": 12, "experience_range": "{\"bounds\": \"[)\", \"lower\": \"102000\", \"upper\": \"132000\"}", "img_name": "rubin_purple", "case": 3, "amount": 2}}, {"model": "accaunts.level", "pk": 13, "fields": {"level": 13, "experience_range": "{\"bounds\": \"[)\", \"lower\": \"132000\", \"upper\": \"168000\"}", "img_name": "rubin_purple", "case": 3, "amount": 2}}, {"model": "accaunts.level", "pk": 14, "fields": {"level": 14, "experience_range": "{\"bounds\": \"[)\", \"lower\": \"168000\", \"upper\": \"210000\"}", "img_name": "rubin_purple", "case": 3, "amount": 3}}, {"model": "accaunts.level", "pk": 15, "fields": {"level": 15, "experience_range": "{\"bounds\": \"[)\", \"lower\": \"210000\", \"upper\": \"260000\"}", "img_name": "rubin_green", "case": 4, "amount": 1}}, {"model": "accaunts.level", "pk": 16, "fields": {"level": 16, "experience_range": "{\"bounds\": \"[)\", \"lower\": \"260000\", \"upper\": \"315000\"}", "img_name": "rubin_green", "case": 4, "amount": 1}}, {"model": "accaunts.level", "pk": 17, "fields": {"level": 17, "experience_range": "{\"bounds\": \"[)\", \"lower\": \"315000\", \"upper\": \"375000\"}", "img_name": "rubin_green", "case": 4, "amount": 2}}, {"model": "accaunts.level", "pk": 18, "fields": {"level": 18, "experience_range": "{\"bounds\": \"[)\", \"lower\": \"375000\", \"upper\": \"440000\"}", "img_name": "rubin_green", "case": 4, "amount": 2}}, {"model": "accaunts.level", "pk": 19, "fields": {"level": 19, "experience_range": "{\"bounds\": \"[)\", \"lower\": \"440000\", \"upper\": \"510000\"}", "img_name": "rubin_green", "case": 4, "amount": 2}}, {"model": "accaunts.level", "pk": 20, "fields": {"level": 20, "experience_range": "{\"bounds\": \"[)\", \"lower\": \"510000\", \"upper\": \"580000\"}", "img_name": "rubin_blue", "case": 5, "amount": 1}}, {"model": "accaunts.level", "pk": 21, "fields": {"level": 21, "experience_range": "{\"bounds\": \"[)\", \"lower\": \"580000\", \"upper\": \"675000\"}", "img_name": "rubin_blue", "case": 5, "amount": 1}}, {"model": "accaunts.level", "pk": 22, "fields": {"level": 22, "experience_range": "{\"bounds\": \"[)\", \"lower\": \"675000\", \"upper\": \"772500\"}", "img_name": "rubin_blue", "case": 5, "amount": 1}}, {"model": "accaunts.level", "pk": 23, "fields": {"level": 23, "experience_range": "{\"bounds\": \"[)\", \"lower\": \"772500\", \"upper\": \"872500\"}", "img_name": "rubin_blue", "case": 5, "amount": 2}}, {"model": "accaunts.level", "pk": 24, "fields": {"level": 24, "experience_range": "{\"bounds\": \"[)\", \"lower\": \"872500\", \"upper\": \"987500\"}", "img_name": "rubin_blue", "case": 5, "amount": 2}}, {"model": "accaunts.level", "pk": 25, "fields": {"level": 25, "experience_range": "{\"bounds\": \"[)\", \"lower\": \"987500\", \"upper\": \"1357500\"}", "img_name": "rubin_red", "case": 6, "amount": 1}}, {"model": "accaunts.level", "pk": 26, "fields": {"level": 26, "experience_range": "{\"bounds\": \"[)\", \"lower\": \"1357500\", \"upper\": \"1737500\"}", "img_name": "rubin_red", "case": 6, "amount": 1}}, {"model": "accaunts.level", "pk": 27, "fields": {"level": 27, "experience_range": "{\"bounds\": \"[)\", \"lower\": \"1737500\", \"upper\": \"2127500\"}", "img_name": "rubin_red", "case": 6, "amount": 1}}, {"model": "accaunts.level", "pk": 28, "fields": {"level": 28, "experience_range": "{\"bounds\": \"[)\", \"lower\": \"2127500\", \"upper\": \"2527500\"}", "img_name": "rubin_red", "case": 6, "amount": 1}}, {"model": "accaunts.level", "pk": 29, "fields": {"level": 29, "experience_range": "{\"bounds\": \"[)\", \"lower\": \"2527500\", \"upper\": \"2987500\"}", "img_name": "rubin_red", "case": 6, "amount": 1}}, {"model": "accaunts.level", "pk": 30, "fields": {"level": 30, "experience_range": "{\"bounds\": \"[)\", \"lower\": \"2987500\", \"upper\": \"3687500\"}", "img_name": "rubin_turquoise", "case": 7, "amount": 3}}, {"model": "accaunts.level", "pk": 31, "fields": {"level": 0, "experience_range": "{\"bounds\": \"[)\", \"lower\": \"0\", \"upper\": \"200\"}", "img_name": "amber_case", "case": null, "amount": 0}}, {"model": "accaunts.userbonus", "pk": 92, "fields": {"_bonus_to_win_back": 75000, "total_bonus": 25000, "is_active": true, "is_from_referal_activated": true, "date_created": "2023-02-17T22:58:15.300Z", "date_updated": "2023-02-17T22:58:15.300Z", "detail_user": 37}}, {"model": "accaunts.userbonus", "pk": 93, "fields": {"_bonus_to_win_back": 50000, "total_bonus": 25000, "is_active": false, "is_from_referal_activated": null, "date_created": "2023-02-17T22:58:15.301Z", "date_updated": "2023-02-17T22:58:15.301Z", "detail_user": 40}}, {"model": "accaunts.userbonus", "pk": 94, "fields": {"_bonus_to_win_back": 75000, "total_bonus": 25000, "is_active": true, "is_from_referal_activated": true, "date_created": "2023-02-17T22:59:33.583Z", "date_updated": "2023-02-17T22:59:33.583Z", "detail_user": 37}}, {"model": "accaunts.userbonus", "pk": 95, "fields": {"_bonus_to_win_back": 50000, "total_bonus": 25000, "is_active": false, "is_from_referal_activated": null, "date_created": "2023-02-17T22:59:33.584Z", "date_updated": "2023-02-17T22:59:33.584Z", "detail_user": 40}}, {"model": "accaunts.userbonus", "pk": 96, "fields": {"_bonus_to_win_back": 75000, "total_bonus": 25000, "is_active": true, "is_from_referal_activated": true, "date_created": "2023-02-17T23:18:57.693Z", "date_updated": "2023-02-17T23:18:57.693Z", "detail_user": 37}}, {"model": "accaunts.userbonus", "pk": 97, "fields": {"_bonus_to_win_back": 50000, "total_bonus": 25000, "is_active": false, "is_from_referal_activated": null, "date_created": "2023-02-17T23:18:57.694Z", "date_updated": "2023-02-17T23:18:57.694Z", "detail_user": 40}}, {"model": "accaunts.userbonus", "pk": 99, "fields": {"_bonus_to_win_back": 50000, "total_bonus": 25000, "is_active": true, "is_from_referal_activated": true, "date_created": "2023-02-17T23:24:36.262Z", "date_updated": "2023-02-17T23:24:36.262Z", "detail_user": 37}}, {"model": "accaunts.userbonus", "pk": 100, "fields": {"_bonus_to_win_back": 150000, "total_bonus": 50000, "is_active": true, "is_from_referal_activated": false, "date_created": "2023-02-22T16:06:59.998Z", "date_updated": "2023-02-22T16:06:59.998Z", "detail_user": 37}}, {"model": "accaunts.userbonus", "pk": 102, "fields": {"_bonus_to_win_back": 50000, "total_bonus": 25000, "is_active": false, "is_from_referal_activated": null, "date_created": "2023-02-27T14:52:58.678Z", "date_updated": "2023-02-27T14:52:58.678Z", "detail_user": 40}}, {"model": "accaunts.userbonus", "pk": 104, "fields": {"_bonus_to_win_back": 50000, "total_bonus": 25000, "is_active": false, "is_from_referal_activated": null, "date_created": "2023-02-27T14:55:36.441Z", "date_updated": "2023-02-27T14:55:36.441Z", "detail_user": 40}}, {"model": "accaunts.userbonus", "pk": 106, "fields": {"_bonus_to_win_back": 50000, "total_bonus": 25000, "is_active": false, "is_from_referal_activated": null, "date_created": "2023-02-27T15:08:56.783Z", "date_updated": "2023-02-27T15:08:56.783Z", "detail_user": 40}}, {"model": "accaunts.userbonus", "pk": 108, "fields": {"_bonus_to_win_back": 50000, "total_bonus": 25000, "is_active": false, "is_from_referal_activated": null, "date_created": "2023-02-27T15:14:00.265Z", "date_updated": "2023-02-27T15:14:00.265Z", "detail_user": 40}}, {"model": "accaunts.userbonus", "pk": 110, "fields": {"_bonus_to_win_back": 50000, "total_bonus": 25000, "is_active": false, "is_from_referal_activated": null, "date_created": "2023-02-27T15:15:25.908Z", "date_updated": "2023-02-27T15:15:25.908Z", "detail_user": 40}}, {"model": "accaunts.userbonus", "pk": 114, "fields": {"_bonus_to_win_back": 75000, "total_bonus": 25000, "is_active": true, "is_from_referal_activated": null, "date_created": "2023-03-01T19:27:46.310Z", "date_updated": "2023-03-01T19:27:46.310Z", "detail_user": 41}}, {"model": "accaunts.userbonus", "pk": 119, "fields": {"_bonus_to_win_back": 0, "total_bonus": 50000, "is_active": false, "is_from_referal_activated": false, "date_created": "2023-03-02T21:37:42.481Z", "date_updated": "2023-03-02T21:37:42.481Z", "detail_user": 39}}, {"model": "accaunts.userbonus", "pk": 120, "fields": {"_bonus_to_win_back": 50000, "total_bonus": 50000, "is_active": true, "is_from_referal_activated": false, "date_created": "2023-03-02T21:41:50.182Z", "date_updated": "2023-03-02T21:41:50.182Z", "detail_user": 39}}, {"model": "accaunts.userbonus", "pk": 121, "fields": {"_bonus_to_win_back": 50000, "total_bonus": 50000, "is_active": true, "is_from_referal_activated": false, "date_created": "2023-03-02T22:47:16.377Z", "date_updated": "2023-03-02T22:47:16.377Z", "detail_user": 39}}, {"model": "accaunts.userbonus", "pk": 122, "fields": {"_bonus_to_win_back": 50000, "total_bonus": 50000, "is_active": true, "is_from_referal_activated": false, "date_created": "2023-03-02T23:06:06.316Z", "date_updated": "2023-03-02T23:06:06.316Z", "detail_user": 39}}, {"model": "accaunts.userbonus", "pk": 123, "fields": {"_bonus_to_win_back": 50000, "total_bonus": 50000, "is_active": true, "is_from_referal_activated": false, "date_created": "2023-03-02T23:09:13.055Z", "date_updated": "2023-03-02T23:09:13.055Z", "detail_user": 39}}, {"model": "accaunts.freebalancehistory", "pk": 9, "fields": {"detail_user": 37, "is_active": false, "activated_by": 1, "bonus_sum": 25000, "created": "2023-02-17T23:18:57.691Z"}}, {"model": "accaunts.freebalancehistory", "pk": 10, "fields": {"detail_user": 40, "is_active": true, "activated_by": 0, "bonus_sum": 25000, "created": "2023-02-17T23:18:57.692Z"}}, {"model": "accaunts.freebalancehistory", "pk": 11, "fields": {"detail_user": 39, "is_active": false, "activated_by": 1, "bonus_sum": 25000, "created": "2023-02-17T23:24:36.261Z"}}, {"model": "accaunts.freebalancehistory", "pk": 12, "fields": {"detail_user": 37, "is_active": false, "activated_by": 0, "bonus_sum": 25000, "created": "2023-02-17T23:24:36.261Z"}}, {"model": "accaunts.freebalancehistory", "pk": 13, "fields": {"detail_user": 39, "is_active": false, "activated_by": 1, "bonus_sum": 25000, "created": "2023-02-27T14:52:58.668Z"}}, {"model": "accaunts.freebalancehistory", "pk": 14, "fields": {"detail_user": 40, "is_active": true, "activated_by": 0, "bonus_sum": 25000, "created": "2023-02-27T14:52:58.673Z"}}, {"model": "accaunts.freebalancehistory", "pk": 15, "fields": {"detail_user": 39, "is_active": false, "activated_by": 1, "bonus_sum": 25000, "created": "2023-02-27T14:55:36.438Z"}}, {"model": "accaunts.freebalancehistory", "pk": 16, "fields": {"detail_user": 40, "is_active": true, "activated_by": 0, "bonus_sum": 25000, "created": "2023-02-27T14:55:36.439Z"}}, {"model": "accaunts.freebalancehistory", "pk": 17, "fields": {"detail_user": 39, "is_active": false, "activated_by": 1, "bonus_sum": 25000, "created": "2023-02-27T15:08:56.781Z"}}, {"model": "accaunts.freebalancehistory", "pk": 18, "fields": {"detail_user": 40, "is_active": true, "activated_by": 0, "bonus_sum": 25000, "created": "2023-02-27T15:08:56.782Z"}}, {"model": "accaunts.freebalancehistory", "pk": 19, "fields": {"detail_user": 39, "is_active": false, "activated_by": 1, "bonus_sum": 25000, "created": "2023-02-27T15:14:00.261Z"}}, {"model": "accaunts.freebalancehistory", "pk": 20, "fields": {"detail_user": 40, "is_active": true, "activated_by": 0, "bonus_sum": 25000, "created": "2023-02-27T15:14:00.263Z"}}, {"model": "accaunts.freebalancehistory", "pk": 21, "fields": {"detail_user": 39, "is_active": false, "activated_by": 1, "bonus_sum": 25000, "created": "2023-02-27T15:15:25.906Z"}}, {"model": "accaunts.freebalancehistory", "pk": 22, "fields": {"detail_user": 40, "is_active": true, "activated_by": 0, "bonus_sum": 25000, "created": "2023-02-27T15:15:25.907Z"}}, {"model": "accaunts.freebalancehistory", "pk": 23, "fields": {"detail_user": 41, "is_active": false, "activated_by": 1, "bonus_sum": 25000, "created": "2023-03-01T19:27:46.304Z"}}, {"model": "accaunts.freebalancehistory", "pk": 24, "fields": {"detail_user": 39, "is_active": false, "activated_by": 0, "bonus_sum": 25000, "created": "2023-03-01T19:27:46.308Z"}}, {"model": "content_manager.sitecontent", "pk": 1, "fields": {"chat_rule": "<p>Elit sed vulputate mi sit amet. Odio tempor orci dapibus ultrices. Posuere lorem ipsum dolor sit amet consectetur adipiscing elit. Donec ultrices tincidunt arcu non sodales neque. Dignissim enim sit amet venenatis urna cursus. Ac ut consequat semper viverra. Tellus rutrum tellus pellentesque eu tincidunt tortor aliquam. Est ultricies integer quis auctor elit sed. Facilisis mauris sit amet massa. In metus vulputate eu scelerisque felis imperdiet proin fermentum. Sit amet purus gravida quis blandit turpis cursus in. Orci sagittis eu volutpat odio. Lectus magna fringilla urna porttitor rhoncus. Amet nulla facilisi morbi tempus iaculis. Porttitor leo a diam sollicitudin tempor id eu nisl.</p>", "honesty_game": "<p>Результаты игры были сгенерированы еще ДО того, как вы сделали ставку, и, самое главное, мы можем это доказать.</p>\r\n\r\n<p>Перед каждым раундом мы фактически даем вам результат раунда(ключ) в хэшированном формате. После окончания раунда мы публикуем этот ключ, хеш которого затем вы можете сравнить с хэшем, полученным до этого чтобы убедиться, что изначальный ключ не изменялся. С помощью этой системы мы можем доказать, что результаты были справедливыми и заранее сгенерированными.<br />\r\n&nbsp;</p>", "roll": "<p>В рулетке наша система генерирует результат для каждого раунда, используя хэш SHA256 из 3 входных данных:</p>\r\n\r\n<p>1.&nbsp;&nbsp; &nbsp;Public Key ― 6 пар случайных чисел от 00 до 39, генерируемых ежедневно в 00:00 MSK<br />\r\n2.&nbsp;&nbsp; &nbsp;Private Key &ndash; зашифрованный с помощью SHA-256 ключ, генерируемый в то же время, что и Public Key.<br />\r\n3.&nbsp;&nbsp; &nbsp;Round - уникальный идентификатор раунда, который увеличивается на 1 в каждом раунде</p>\r\n\r\n<p>SHA-256 &ndash; метод шифрования, который обладает свойством необратимости и чувствительности. То есть полученное хеш значение нельзя преобразовать обратно в ключ, а при малейшем изменении ключа (даже на один символ) хешированное значения ключа будет совершенно другим. В начале дня мы публикуем Private Key в зашифрованном виде, получая результаты абсолютно всех прокруток на сегодняшний день. На следующий день публикуем Private Key в открытом виде. то есть вы можете зашифровать открытый ключ и получить зашифрованный (который публиковался до этого), тем самым убедившись в том, что все результаты были сгенерированы в начале дня.</p>\r\n\r\n<p>Вы можете повторить любой прошлый ролл, используя Node.js код ниже. Пожалуйста, обратите внимание, что вы должны использовать расшифрованный Private Key.<br />\r\n&nbsp;</p>", "agreement": "<p>Elit sed vulputate mi sit amet. Odio tempor orci dapibus ultrices. Posuere lorem ipsum dolor sit amet consectetur adipiscing elit. Donec ultrices tincidunt arcu non sodales neque. Dignissim enim sit amet venenatis urna cursus. Ac ut consequat semper viverra. Tellus rutrum tellus pellentesque eu tincidunt tortor aliquam. Est ultricies integer quis auctor elit sed. Facilisis mauris sit amet massa. In metus vulputate eu scelerisque felis imperdiet proin fermentum. Sit amet purus gravida quis blandit turpis cursus in. Orci sagittis eu volutpat odio. Lectus magna fringilla urna porttitor rhoncus. Amet nulla facilisi morbi tempus iaculis. Porttitor leo a diam sollicitudin tempor id eu nisl.</p>", "about_us": "<p>DurakROLL - первый и единственный проект в виде игры на кредиты Дурак Онлайн вне самого приложения. Сайт появился в 2022г.</p>\r\n\r\n<p>Зачем сайт, когда есть приложение Дурак Онлайн?</p>\r\n\r\n<p>Верно, тем не менее, везде есть свои достатки.<br />\r\nНаша главная цель - расширить область игр на кредиты. Например, если вам просто надоест играть в карты, то вы можете поиграть на те же кредиты уже в рулетку. Здесь вы можете попытать свою удачу точно так же, как в Дураке, а ваши шансы на победу ни чуть не уменьшаться! Ну и в наилучшем случае закинуть кредиты обратно (при этом трансфер валюты между сайтом и игрой занимает всего 5 минут).</p>\r\n\r\n<p>Помимо этого, всем ночивкам мы даём моментальный бонус в виде 50 000 кредитов (промо-код, подписка на вк и ютуб). Дурак выдаст вам гораздо больше, но на это уйдёт уже целый месяц еждневного входа в игру.</p>\r\n\r\n<p>Кстати, в сфере Дурак Онлайн мы работаем с 2019 года. 2 Года мы просто продавали валюту в группе вконтакте, где на данный момент уже более чем 50 000 подписчиков. А за всё это время накопилось 500+ положительных отзывов. У нас есть свой &quot;блог&quot; на ютуб, где мы делимся лайфхаками и фишками игры. Ссылки во вкладке &quot;КОНТАКТЫ&quot;. И на данный момент мы уже не только продаём валюту, но и даём игрокам возможность безопасно(без бана и обнуления) сыграть на неё.<br />\r\n&nbsp;</p>", "description": "<p><span style=\"font-size:10px\"><span style=\"font-family:Courier New,Courier,monospace\">С вами с 2019 года.<br />\r\nБолее 50 000 подписчиков в группе Вконтакте.<br />\r\nСвыше 600 положительных отзывов.23</span></span></p>", "support_email": "admin@admin.com", "url_vk": "https://vk.com/fifaplayer", "url_youtube": "https://www.youtube.com/@DjangoSchool", "info2": "<p>Во время игры в дурака, задай вопрос: &ldquo;Димас, ты видел, сейчас открыли сайт по дураку, где дают 50 000 кредов за регистрацию?&rdquo;</p>", "info3": "<p>Дай ему ссылку и свой бонусный код. После активации ты получишь 25к кредитов и 0,5% от всех ставок&nbsp;<br />\r\nприглашённого игрока.</p>", "bonus_vk": 50, "bonus_youtube": 50, "vk_group_id": "41970853", "youtube_channel_id": "UC_hPYclmFCIENpMUHpPY8FQ"}}, {"model": "content_manager.faq", "pk": 1, "fields": {"name": "Вопрос 1", "description": "<p><strong>Lorem Ipsum</strong>&nbsp;- это текст-&quot;рыба&quot;, часто используемый в печати и вэб-дизайне. Lorem Ipsum является стандартной &quot;рыбой&quot; для текстов на латинице с начала XVI века. В то время некий безымянный печатник создал большую коллекцию размеров и форм шрифтов, используя Lorem Ipsum для распечатки образцов. Lorem Ipsum не только успешно пережил без заметных изменений пять веков, но и перешагнул в электронный дизайн. Его популяризации в новое время послужили публикация листов Letraset с образцами Lorem Ipsum в 60-х годах и, в более недавнее время, программы электронной вёрстки типа Aldus PageMaker, в шаблонах которых используется Lorem Ipsum.</p>", "is_active": true}}, {"model": "content_manager.faq", "pk": 2, "fields": {"name": "Вопрос 2", "description": "<p>Tellus pellentesque eu tincidunt tortor. Non curabitur gravida arcu ac tortor. Velit laoreet id donec ultrices. Quis enim lobortis scelerisque fermentum. Nulla facilisi nullam vehicula ipsum a arcu cursus vitae. Sed augue lacus viverra vitae. Id consectetur purus ut faucibus pulvinar elementum integer. Ipsum suspendisse ultrices gravida dictum fusce ut placerat orci nulla. Tortor vitae purus faucibus ornare suspendisse sed. Pharetra sit amet aliquam id.</p>", "is_active": true}}, {"model": "content_manager.faq", "pk": 3, "fields": {"name": "Вопрос 3", "description": "<p><span style=\"font-family:Georgia,serif\"><span style=\"font-size:14px\">Massa enim nec dui nunc mattis enim ut tellus elementum. In cursus turpis massa tincidunt dui ut ornare lectus. Maecenas pharetra convallis posuere morbi leo urna molestie at. Ut enim blandit volutpat maecenas. Risus at ultrices mi tempus imperdiet nulla malesuada pellentesque elit. Volutpat lacus laoreet non curabitur gravida arcu ac. Diam in arcu cursus euismod quis viverra. Tellus rutrum tellus pellentesque eu tincidunt tortor aliquam. Vitae tempus quam pellentesque nec. Elementum pulvinar etiam non quam lacus suspendisse faucibus interdum. Nisl pretium fusce id velit. Suspendisse sed nisi lacus sed. Elementum facilisis leo vel fringilla est ullamcorper eget nulla facilisi. Elementum facilisis leo vel fringilla est ullamcorper eget nulla facilisi. Magna fringilla urna porttitor rhoncus dolor purus non. Sit amet risus nullam eget felis eget nunc. Diam vulputate ut pharetra sit amet aliquam id diam. A erat nam at lectus urna duis convallis convallis tellus. Pharetra et ultrices neque ornare. Lacus sed turpis tincidunt id aliquet risus feugiat in ante.</span></span></p>", "is_active": true}}, {"model": "content_manager.faq", "pk": 4, "fields": {"name": "Вопрос 4", "description": "<p><span style=\"font-size:14px\"><span style=\"font-family:Georgia,serif\">Morbi quis commodo odio aenean sed adipiscing diam. Porta non pulvinar neque laoreet. Urna id volutpat lacus laoreet non curabitur gravida arcu. Rhoncus aenean vel elit scelerisque mauris pellentesque pulvinar pellentesque. Dolor sit amet consectetur adipiscing. Et odio pellentesque diam volutpat commodo. Odio morbi quis commodo odio aenean sed. Malesuada fames ac turpis egestas sed tempus urna. Ornare quam viverra orci sagittis eu volutpat odio facilisis mauris. Vitae nunc sed velit dignissim. Sit amet cursus sit amet dictum sit amet. Mi eget mauris pharetra et ultrices neque ornare aenean. Nam aliquam sem et tortor consequat id porta. Diam sit amet nisl suscipit. Maecenas ultricies mi eget mauris. Odio aenean sed adipiscing diam donec adipiscing tristique. Malesuada fames ac turpis egestas sed tempus. Aliquam ultrices sagittis orci a scelerisque purus semper. Dui sapien eget mi proin sed.</span></span></p>", "is_active": true}}, {"model": "content_manager.badslang", "pk": 32, "fields": {"name": "privet"}}, {"model": "content_manager.badslang", "pk": 33, "fields": {"name": "poka"}}, {"model": "content_manager.badslang", "pk": 34, "fields": {"name": "vasia"}}, {"model": "content_manager.badslang", "pk": 35, "fields": {"name": "valet"}}, {"model": "content_manager.badslang", "pk": 36, "fields": {"name": "babki"}}, {"model": "content_manager.badslang", "pk": 38, "fields": {"name": "pr1vet"}}, {"model": "content_manager.fakeonline", "pk": 2, "fields": {"count": 1555, "is_active": true}}, {"model": "content_manager.showround", "pk": 1, "fields": {"show": true}}, {"model": "content_manager.duraknickname", "pk": 1, "fields": {"nickname": "Durak-Online", "date": "2023-01-05T14:45:52.598Z"}}, {"model": "caseapp.item", "pk": 1, "fields": {"name": "1к", "image": "dollar", "selling_price": 1000, "is_money": true}}, {"model": "caseapp.item", "pk": 2, "fields": {"name": "5к", "image": "dollar", "selling_price": 5000, "is_money": true}}, {"model": "caseapp.item", "pk": 4, "fields": {"name": "Медведь", "image": "smile_bear", "selling_price": 50000, "is_money": false}}, {"model": "caseapp.item", "pk": 5, "fields": {"name": "Робот", "image": "smile_robot", "selling_price": 50000, "is_money": false}}, {"model": "caseapp.item", "pk": 6, "fields": {"name": "Лев", "image": "smile_lion", "selling_price": 700000, "is_money": false}}, {"model": "caseapp.item", "pk": 7, "fields": {"name": "2.5к", "image": "dollar", "selling_price": 2500, "is_money": true}}, {"model": "caseapp.item", "pk": 8, "fields": {"name": "10к", "image": "dollar", "selling_price": 10000, "is_money": true}}, {"model": "caseapp.item", "pk": 9, "fields": {"name": "Вампир", "image": "smile_vampire", "selling_price": 900000, "is_money": false}}, {"model": "caseapp.item", "pk": 10, "fields": {"name": "Единорог", "image": "smile_unicorn", "selling_price": 900000, "is_money": false}}, {"model": "caseapp.item", "pk": 11, "fields": {"name": "Бык", "image": "smile_bull", "selling_price": 3000000, "is_money": false}}, {"model": "caseapp.item", "pk": 12, "fields": {"name": "Покерные", "image": "smile_card_warm", "selling_price": 225000, "is_money": false}}, {"model": "caseapp.item", "pk": 13, "fields": {"name": "Гном", "image": "smile_gnome", "selling_price": 900000, "is_money": false}}, {"model": "caseapp.item", "pk": 14, "fields": {"name": "Крыса", "image": "smile_rat", "selling_price": 8000000, "is_money": false}}, {"model": "caseapp.item", "pk": 15, "fields": {"name": "50к", "image": "dollar", "selling_price": 50000, "is_money": true}}, {"model": "caseapp.item", "pk": 16, "fields": {"name": "100к", "image": "dollar", "selling_price": 100000, "is_money": true}}, {"model": "caseapp.item", "pk": 17, "fields": {"name": "500к", "image": "dollar", "selling_price": 500000, "is_money": true}}, {"model": "caseapp.item", "pk": 18, "fields": {"name": "Русский стиль", "image": "smile_card_cold", "selling_price": 40000000, "is_money": false}}, {"model": "caseapp.item", "pk": 19, "fields": {"name": "10М", "image": "dollar", "selling_price": 10000000, "is_money": true}}, {"model": "caseapp.item", "pk": 20, "fields": {"name": "20М", "image": "dollar", "selling_price": 20000000, "is_money": true}}, {"model": "caseapp.item", "pk": 21, "fields": {"name": "100М", "image": "dollar", "selling_price": 100000000, "is_money": true}}, {"model": "caseapp.case", "pk": 1, "fields": {"name": "Янтарный кейс", "image": "amber_case", "user_lvl_for_open": 1}}, {"model": "caseapp.case", "pk": 2, "fields": {"name": "Жемчужный кейс", "image": "pearl_case", "user_lvl_for_open": 5}}, {"model": "caseapp.case", "pk": 3, "fields": {"name": "Аметистовый кейс", "image": "rubin_purple", "user_lvl_for_open": 10}}, {"model": "caseapp.case", "pk": 4, "fields": {"name": "Изумрудный кейс", "image": "rubin_green", "user_lvl_for_open": 15}}, {"model": "caseapp.case", "pk": 5, "fields": {"name": "Сапфировый кейс", "image": "rubin_blue", "user_lvl_for_open": 20}}, {"model": "caseapp.case", "pk": 6, "fields": {"name": "Рубиновый кейс", "image": "rubin_red", "user_lvl_for_open": 25}}, {"model": "caseapp.case", "pk": 7, "fields": {"name": "Алмазный кейс", "image": "rubin_turquoise", "user_lvl_for_open": 30}}, {"model": "caseapp.itemforcase", "pk": 1, "fields": {"chance": "50.000", "item": 1, "case": 1}}, {"model": "caseapp.itemforcase", "pk": 2, "fields": {"chance": "25.000", "item": 2, "case": 1}}, {"model": "caseapp.itemforcase", "pk": 3, "fields": {"chance": "22.900", "item": 8, "case": 1}}, {"model": "caseapp.itemforcase", "pk": 4, "fields": {"chance": "0.500", "item": 4, "case": 1}}, {"model": "caseapp.itemforcase", "pk": 5, "fields": {"chance": "0.500", "item": 5, "case": 1}}, {"model": "caseapp.itemforcase", "pk": 6, "fields": {"chance": "0.010", "item": 6, "case": 1}}, {"model": "caseapp.itemforcase", "pk": 7, "fields": {"chance": "70.000", "item": 7, "case": 2}}, {"model": "caseapp.itemforcase", "pk": 8, "fields": {"chance": "14.100", "item": 8, "case": 2}}, {"model": "caseapp.itemforcase", "pk": 9, "fields": {"chance": "6.000", "item": 4, "case": 2}}, {"model": "caseapp.itemforcase", "pk": 10, "fields": {"chance": "6.000", "item": 5, "case": 2}}, {"model": "caseapp.itemforcase", "pk": 11, "fields": {"chance": "0.500", "item": 9, "case": 2}}, {"model": "caseapp.itemforcase", "pk": 12, "fields": {"chance": "0.500", "item": 10, "case": 2}}, {"model": "caseapp.itemforcase", "pk": 13, "fields": {"chance": "0.100", "item": 11, "case": 2}}, {"model": "caseapp.itemforcase", "pk": 14, "fields": {"chance": "20.000", "item": 7, "case": 3}}, {"model": "caseapp.itemforcase", "pk": 15, "fields": {"chance": "20.000", "item": 8, "case": 3}}, {"model": "caseapp.itemforcase", "pk": 16, "fields": {"chance": "20.000", "item": 4, "case": 3}}, {"model": "caseapp.itemforcase", "pk": 17, "fields": {"chance": "20.000", "item": 5, "case": 3}}, {"model": "caseapp.itemforcase", "pk": 18, "fields": {"chance": "19.000", "item": 12, "case": 3}}, {"model": "caseapp.itemforcase", "pk": 19, "fields": {"chance": "0.500", "item": 13, "case": 3}}, {"model": "caseapp.itemforcase", "pk": 20, "fields": {"chance": "0.500", "item": 14, "case": 3}}, {"model": "caseapp.itemforcase", "pk": 21, "fields": {"chance": "35.000", "item": 15, "case": 4}}, {"model": "caseapp.itemforcase", "pk": 22, "fields": {"chance": "34.000", "item": 16, "case": 4}}, {"model": "caseapp.itemforcase", "pk": 23, "fields": {"chance": "15.000", "item": 12, "case": 4}}, {"model": "caseapp.itemforcase", "pk": 24, "fields": {"chance": "8.000", "item": 10, "case": 4}}, {"model": "caseapp.itemforcase", "pk": 25, "fields": {"chance": "7.000", "item": 13, "case": 4}}, {"model": "caseapp.itemforcase", "pk": 26, "fields": {"chance": "1.000", "item": 11, "case": 4}}, {"model": "caseapp.itemforcase", "pk": 27, "fields": {"chance": "30.000", "item": 17, "case": 5}}, {"model": "caseapp.itemforcase", "pk": 28, "fields": {"chance": "5.000", "item": 9, "case": 5}}, {"model": "caseapp.itemforcase", "pk": 29, "fields": {"chance": "5.000", "item": 6, "case": 5}}, {"model": "caseapp.itemforcase", "pk": 30, "fields": {"chance": "5.000", "item": 10, "case": 5}}, {"model": "caseapp.itemforcase", "pk": 31, "fields": {"chance": "5.000", "item": 13, "case": 5}}, {"model": "caseapp.itemforcase", "pk": 32, "fields": {"chance": "1.200", "item": 14, "case": 5}}, {"model": "caseapp.itemforcase", "pk": 33, "fields": {"chance": "40.000", "item": 6, "case": 6}}, {"model": "caseapp.itemforcase", "pk": 34, "fields": {"chance": "40.000", "item": 10, "case": 6}}, {"model": "caseapp.itemforcase", "pk": 35, "fields": {"chance": "10.000", "item": 11, "case": 6}}, {"model": "caseapp.itemforcase", "pk": 36, "fields": {"chance": "6.000", "item": 14, "case": 6}}, {"model": "caseapp.itemforcase", "pk": 37, "fields": {"chance": "4.000", "item": 18, "case": 6}}, {"model": "caseapp.itemforcase", "pk": 38, "fields": {"chance": "39.000", "item": 14, "case": 7}}, {"model": "caseapp.itemforcase", "pk": 39, "fields": {"chance": "31.000", "item": 19, "case": 7}}, {"model": "caseapp.itemforcase", "pk": 40, "fields": {"chance": "15.000", "item": 20, "case": 7}}, {"model": "caseapp.itemforcase", "pk": 41, "fields": {"chance": "10.000", "item": 18, "case": 7}}, {"model": "caseapp.itemforcase", "pk": 42, "fields": {"chance": "5.000", "item": 21, "case": 7}}, {"model": "caseapp.itemforcase", "pk": 43, "fields": {"chance": "48.800", "item": 16, "case": 5}}, {"model": "bot_payment.botwork", "pk": 1, "fields": {"work": false, "work_t": false}}]